Timestamp,Type,Domain,Brand,Title,OldPrice,NewPrice,DiscountPct,URL
2026-07-21T08:44:29.215Z,New Arrival,fragrapedia.com,LORD MILANO,BELLA Eau de Parfum - Lord Milano,,143.5,,https://fragrapedia.com/products/bella-eau-de-parfum-lord-milano
2026-07-21T08:44:29.215Z,New Arrival,fragrapedia.com,Profumo Di Firenze,A TUTTO CARAMELLO! Extrait de Parfum - Profumo di Firenze,,150,,https://fragrapedia.com/products/a-tutto-caramello-extrait-de-parfum-profumo-di-firenze
2026-07-21T08:44:29.215Z,New Arrival,fragrapedia.com,Profumo Di Firenze,Plumbeo Extrait de Parfum - Profumo di Firenze,,150,,https://fragrapedia.com/products/plumbeo-extrait-de-parfum-profumo-di-firenze
2026-07-21T08:44:29.215Z,New Arrival,fragrapedia.com,Scentologia,Nitro Musk Eau de Parfum - Scentologia,,240,,https://fragrapedia.com/products/nitro-musk-eau-de-parfum-scentologia
2026-07-21T08:44:29.215Z,New Arrival,fragrapedia.com,Fragrapedia Haus,8 Days a Week Extrait de Parfum - Astrophil & Stella,,170,,https://fragrapedia.com/products/8-days-a-week-extrait-de-parfum-astrophil-stella
2026-07-21T08:44:29.215Z,New Arrival,fragrapedia.com,Fragrapedia Haus,Into The Oud Extrait de Parfum - Astrophil & Stella,,170,,https://fragrapedia.com/products/into-the-oud-extrait-de-parfum-astrophil-stella
2026-07-21T08:44:29.215Z,New Arrival,fragrapedia.com,Fragrapedia Haus,Amberliveable Extrait de Parfum - Astrophil & Stella,,170,,https://fragrapedia.com/products/amberliveable-extrait-de-parfum-astrophil-stella
2026-07-21T08:44:29.215Z,New Arrival,fragrapedia.com,Fragrapedia Haus,Love Is Lost Extrait de Parfum - Astrophil & Stella,,170,,https://fragrapedia.com/products/love-is-lost-extrait-de-parfum-astrophil-stella
2026-07-21T08:44:29.215Z,New Arrival,fragrapedia.com,Fragrapedia Haus,Mellow Yellow Extrait de Parfum - Astrophil & Stella,,170,,https://fragrapedia.com/products/mellow-yellow-extrait-de-parfum-astrophil-stella
2026-07-21T08:44:29.215Z,New Arrival,fragrapedia.com,Fragrapedia Haus,Paris Cheri Extrait de Parfum - Astrophil & Stella,,190,,https://fragrapedia.com/products/paris-cheri-extrait-de-parfum-astrophil-stella
2026-07-21T08:44:29.215Z,New Arrival,fragrapedia.com,Fragrapedia Haus,Nabati Extrait de Parfum - Astrophil & Stella,,190,,https://fragrapedia.com/products/nabati-extrait-de-parfum-astrophil-stella
2026-07-21T08:44:29.215Z,New Arrival,fragrapedia.com,Fragrapedia Haus,Madame M Extrait de Parfum - Astrophil & Stella,,190,,https://fragrapedia.com/products/madame-m-extrait-de-parfum-astrophil-stella
2026-07-21T08:44:29.215Z,New Arrival,fragrapedia.com,Fragrapedia Haus,Shanghai 1930 Extrait de Parfum - Astrophil & Stella,,190,,https://fragrapedia.com/products/shanghai-1930-extrait-de-parfum-astrophil-stella
2026-07-21T08:44:29.215Z,New Arrival,fragrapedia.com,Fragrapedia Haus,Sweet Pulp Extrait de Parfum - Astrophil & Stella,,190,,https://fragrapedia.com/products/sweet-pulp-extrait-de-parfum-astrophil-stella
2026-07-21T08:44:29.215Z,New Arrival,fragrapedia.com,Fragrapedia Haus,In Extremis Extrait de Parfum - Astrophil & Stella,,190,,https://fragrapedia.com/products/in-extremis-extrait-de-parfum-astrophil-stella
2026-07-21T08:44:29.215Z,New Arrival,fragrapedia.com,Fragrapedia Haus,Chromodoro Extrait de Parfum - Astrophil & Stella,,170,,https://fragrapedia.com/products/chromodoro-extrait-de-parfum-astrophil-stella
2026-07-21T08:44:29.215Z,New Arrival,fragrapedia.com,Fragrapedia Haus,Nabati Oud Extrait de Parfum - Astrophil & Stella,,210,,https://fragrapedia.com/products/nabati-oud-extrait-de-parfum-astrophil-stella
2026-07-21T08:44:29.215Z,New Arrival,fragrapedia.com,Fragrapedia Haus,Mon Santal Extrait de Parfum - Astrophil & Stella,,190,,https://fragrapedia.com/products/mon-santal-extrait-de-parfum-astrophil-stella
2026-07-21T08:44:29.215Z,New Arrival,fragrapedia.com,Fragrapedia Haus,Sambalia Extrait de Parfum - Astrophil & Stella,,190,,https://fragrapedia.com/products/sambalia-extrait-de-parfum-astrophil-stella
2026-07-21T08:44:29.215Z,New Arrival,fragrapedia.com,Fragrapedia Haus,Pepperkorn Extrait de Parfum - Astrophil & Stella,,190,,https://fragrapedia.com/products/pepperkorn-extrait-de-parfum-astrophil-stella
2026-07-21T08:44:29.215Z,New Arrival,fragrapedia.com,Filippo Sorcinelli,Panna-sotto! Eau de Parfum- Filippo Sorcinelli,,155,,https://fragrapedia.com/products/panna-sotto-filippo-sorcinelli
2026-07-21T08:44:29.215Z,New Arrival,fragrapedia.com,SOSPIRO,Mezzo Eau de Parfum - Sospiro,,325,,https://fragrapedia.com/products/mezzo-eau-de-parfum-sospiro
2026-07-21T08:44:29.215Z,New Arrival,fragrapedia.com,Dara Caro,Love Passion - Dara Caro,,235,,https://fragrapedia.com/products/love-passion-dara-caro
2026-07-21T08:44:29.215Z,New Arrival,fragrapedia.com,Dara Caro,Chily Parfum - Dara Caro,,235,,https://fragrapedia.com/products/chily-parfum-dara-caro
2026-07-21T08:44:29.215Z,New Arrival,fragrapedia.com,Dara Caro,Ima-Gyn - Dara Caro,,211,,https://fragrapedia.com/products/ima-gyn-dara-caro
2026-07-21T08:44:29.215Z,New Arrival,fragrapedia.com,Dara Caro,Oud Coffee - Dara Caro,,235,,https://fragrapedia.com/products/oud-coffee-dara-caro
2026-07-21T08:44:29.215Z,New Arrival,fragrapedia.com,Dara Caro,Oud Coconut - Dara Caro,,235,,https://fragrapedia.com/products/oud-coconut-dara-caro
2026-07-21T08:44:29.215Z,New Arrival,fragrapedia.com,Dara Caro,Bananoud - Dara Caro,,235,,https://fragrapedia.com/products/bananoud-dara-caro
2026-07-21T08:44:29.215Z,New Arrival,fragrapedia.com,Dara Caro,Paradise Oud - Dara Caro,,181,,https://fragrapedia.com/products/paradise-oud-dara-caro
2026-07-21T08:44:29.215Z,New Arrival,fragrapedia.com,Dara Caro,Oud Dubai - Dara Caro,,235,,https://fragrapedia.com/products/oud-dubai-dara-caro
2026-07-21T08:44:29.215Z,New Arrival,fragrapedia.com,Dara Caro,Soul of the night - Dara Caro,,235,,https://fragrapedia.com/products/soul-of-the-night-dara-caro
2026-07-21T08:44:29.215Z,New Arrival,fragrapedia.com,Dara Caro,Heavenly Wood - Dara Caro,,235,,https://fragrapedia.com/products/heavenly-wood-dara-caro
2026-07-21T08:44:29.215Z,New Arrival,fragrapedia.com,Dara Caro,Oud Roses - Dara Caro,,235,,https://fragrapedia.com/products/oud-roses-dara-caro
2026-07-21T08:44:29.215Z,New Arrival,fragrapedia.com,Dara Caro,Discovery Set - Dara Caro,,108,,https://fragrapedia.com/products/discovery-set-dara-caro
2026-07-21T08:44:29.215Z,New Arrival,fragrapedia.com,Dara Caro,Aazaadee - Dara Caro,,235,,https://fragrapedia.com/products/aazaadee-dara-caro
2026-07-21T08:44:29.215Z,New Arrival,fragrapedia.com,Dara Caro,Sweet Obssesion - Dara Caro,,235,,https://fragrapedia.com/products/sweet-obssesion-dara-caro
2026-07-21T08:44:29.215Z,New Arrival,fragrapedia.com,Dara Caro,Darkness Bites - Dara Caro,,235,,https://fragrapedia.com/products/darkness-bites-dara-caro
2026-07-21T08:44:29.215Z,New Arrival,fragrapedia.com,EPICO,Discovery Set - Epico Parfum,,45,,https://fragrapedia.com/products/discovery-set-epico-parfum
2026-07-21T08:44:29.215Z,New Arrival,fragrapedia.com,EPICO,Mon Amour Body Cream - Epico Parfum,,45,,https://fragrapedia.com/products/mon-amour-body-cream-epico-parfum
2026-07-21T08:44:29.215Z,New Arrival,fragrapedia.com,EPICO,Midnight Body Cream - Epico Parfum,,45,,https://fragrapedia.com/products/midnight-body-cream-epico-parfum
2026-07-21T08:44:29.215Z,New Arrival,fragrapedia.com,EPICO,Macaron Body Cream - Epico Parfum,,45,,https://fragrapedia.com/products/macaron-body-cream-epico-parfum
2026-07-21T08:44:29.215Z,New Arrival,fragrapedia.com,EPICO,Thelycheeus Eau de Parfum - Epico Parfum,,108,,https://fragrapedia.com/products/thelycheeus-eau-de-parfum-epico-parfum
2026-07-21T08:44:29.215Z,New Arrival,fragrapedia.com,Narcotica,Maniac Eau de Parfum - Narcotica,,300,,https://fragrapedia.com/products/maniac-eau-de-parfum-narcotica
2026-07-21T08:44:29.215Z,New Arrival,fragrapedia.com,Alfred Ritchy,Bocagrande Eau de Parfum - Alfred Ritchy,,175,,https://fragrapedia.com/products/bocagrande-eau-de-parfum-alfred-ritchy
2026-07-21T08:44:29.215Z,New Arrival,fragrapedia.com,PARADIS DES SENS,Anela Eau de Parfum - Paradis Des Sense,,172,,https://fragrapedia.com/products/anela-eau-de-parfum-paradis-des-sense
2026-07-21T08:44:29.215Z,New Arrival,fragrapedia.com,SOSPIRO,Accento Viola Eau de Parfum - Sospiro,,325,,https://fragrapedia.com/products/accento-viola-eau-de-parfum-sospiro
2026-07-21T08:44:29.215Z,New Arrival,fragrapedia.com,SOSPIRO,Afgano Puro Eau de Parfum - Sospiro,,362,,https://fragrapedia.com/products/afgano-puro-eau-de-parfum-sospiro
2026-07-21T08:44:29.215Z,New Arrival,fragrapedia.com,SOSPIRO,Basso Eau de Parfum - Sospiro,,325,,https://fragrapedia.com/products/basso-eau-de-parfum-sospiro
2026-07-21T08:44:29.215Z,New Arrival,fragrapedia.com,SOSPIRO,Bel Canto Eau de Parfum - Sospiro,,295,,https://fragrapedia.com/products/bel-canto-eau-de-parfum-sospiro
2026-07-21T08:44:29.215Z,New Arrival,fragrapedia.com,SOSPIRO,Cadenza Eau de Parfum - Sospiro,,295,,https://fragrapedia.com/products/cadenza-eau-de-parfum-sospiro
2026-07-21T08:44:29.215Z,New Arrival,fragrapedia.com,SOSPIRO,Contralto Eau de Parfum - Sospiro,,295,,https://fragrapedia.com/products/contralto-eau-de-parfum-sospiro
2026-07-21T08:44:29.215Z,New Arrival,fragrapedia.com,SOSPIRO,Erba Oud Eau de Parfum - Sospiro,,295,,https://fragrapedia.com/products/erba-oud-eau-de-parfum-sospiro
2026-07-21T08:44:29.215Z,New Arrival,fragrapedia.com,SOSPIRO,Erba Pura Magica Eau de Parfum - Sospiro,,295,,https://fragrapedia.com/products/erba-pura-magica-eau-de-parfum-sospiro
2026-07-21T08:44:29.215Z,New Arrival,fragrapedia.com,SOSPIRO,Vibrato Eau de Parfum - Sospiro,,325,,https://fragrapedia.com/products/vibrato-eau-de-parfum-sospiro
2026-07-21T08:44:29.215Z,New Arrival,fragrapedia.com,SOSPIRO,Liberto Eau de Parfum - Sospiro,,325,,https://fragrapedia.com/products/liberato-eau-de-parfum-sospiro
2026-07-21T08:44:29.215Z,New Arrival,fragrapedia.com,SOSPIRO,Opera Grande Eau de Parfum - Sospiro,,375,,https://fragrapedia.com/products/opera-grande-eau-de-parfum-sospiro
2026-07-21T08:44:29.215Z,New Arrival,fragrapedia.com,SOSPIRO,Pasticcio Eau de Parfum - Sospiro,,295,,https://fragrapedia.com/products/pasticcio-eau-de-parfum-sospiro
2026-07-21T08:44:29.215Z,New Arrival,fragrapedia.com,SOSPIRO,Prima Donna Eau de Parfum - Sospiro,,295,,https://fragrapedia.com/products/prima-donna-eau-de-parfum-sospiro
2026-07-21T08:44:29.215Z,New Arrival,fragrapedia.com,SOSPIRO,Deep Ocean Amber Eau de Parfum - Sospiro,,375,,https://fragrapedia.com/products/deep-ocean-amber-eau-de-parfum-sospiro
2026-07-21T08:44:29.215Z,New Arrival,fragrapedia.com,SOSPIRO,Dolce Melodia Eau de Parfum - Sospiro,,325,,https://fragrapedia.com/products/dolce-melodia-eau-de-parfum-sospiro
2026-07-21T08:44:29.215Z,New Arrival,fragrapedia.com,SOSPIRO,Erba Leather Eau de Parfum - Sospiro,,325,,https://fragrapedia.com/products/erba-leather-eau-de-parfum-sospiro
2026-07-21T08:44:29.215Z,New Arrival,fragrapedia.com,SOSPIRO,Tenore Eau de Parfum - Sospiro,,325,,https://fragrapedia.com/products/tenore-eau-de-parfum-sospiro
2026-07-21T08:44:29.215Z,New Arrival,fragrapedia.com,SOSPIRO,Dolce Sonata Eau de Parfum - Sospiro,,325,,https://fragrapedia.com/products/dolce-sonata-eau-de-parfum-sospiro
2026-07-21T08:44:29.215Z,New Arrival,fragrapedia.com,SOSPIRO,Maraschino Eau de Parfum - Sospiro,,325,,https://fragrapedia.com/products/maraschino-eau-de-parfum-sospiro
2026-07-21T08:44:29.215Z,New Arrival,fragrapedia.com,SOSPIRO,Traviata Eau de Parfum - Sospiro,,325,,https://fragrapedia.com/products/traviata-eau-de-parfum-sospiro
2026-07-21T08:44:29.215Z,New Arrival,fragrapedia.com,SOSPIRO,Sospiro Discovery Set - Sospiro,,55,,https://fragrapedia.com/products/sospiro-discovery-set-sospiro
2026-07-21T08:44:29.215Z,New Arrival,fragrapedia.com,SOSPIRO,Cavatina Eau de Parfum - Sospiro,,220,,https://fragrapedia.com/products/cavatina-eau-de-parfum-sospiro
2026-07-21T08:44:29.215Z,New Arrival,fragrapedia.com,SOSPIRO,Farsa Eau de Parfum - Sospiro,,220,,https://fragrapedia.com/products/farsa-eau-de-parfum-sospiro
2026-07-21T08:44:29.215Z,New Arrival,fragrapedia.com,SOSPIRO,Viola Eau de Parfum - Sospiro,,220,,https://fragrapedia.com/products/viola-eau-de-parfum-sospiro
2026-07-21T08:44:29.215Z,New Arrival,fragrapedia.com,SOSPIRO,Diva Eau de Parfum - Sospiro,,220,,https://fragrapedia.com/products/diva-eau-de-parfum-sospiro
2026-07-21T08:44:29.215Z,New Arrival,fragrapedia.com,SOSPIRO,Aira Eau de Parfum - Sospiro,,220,,https://fragrapedia.com/products/aira-eau-de-parfum-sospiro
2026-07-21T08:44:29.215Z,New Arrival,fragrapedia.com,SOSPIRO,Il Padrino Eau de Parfum - Sospiro,,325,,https://fragrapedia.com/products/il-padrino-eau-de-parfum-sospiro
2026-07-21T08:44:29.215Z,New Arrival,fragrapedia.com,SOSPIRO,Vibranna Eau de Parfum - Sospiro,,325,,https://fragrapedia.com/products/vibranna-eau-de-parfum-sospiro
2026-07-21T08:44:29.215Z,New Arrival,fragrapedia.com,Eau De Moe,ADAM Eau de Parfum - Eau De Moe,,150,,https://fragrapedia.com/products/adam-eau-de-parfum
2026-07-21T08:44:29.215Z,New Arrival,fragrapedia.com,Eau De Moe,LULU Eau de Parfum - Eau De Moe,,150,,https://fragrapedia.com/products/lulu-eau-de-parfum
2026-07-21T08:44:29.215Z,New Arrival,fragrapedia.com,Eau De Moe,CECE Eau de Parfum - Eau De Moe,,150,,https://fragrapedia.com/products/cece-eau-de-parfum
2026-07-21T08:44:29.215Z,New Arrival,fragrapedia.com,Eau De Moe,SOLOMON Eau de Parfum - Eau De Moe,,150,,https://fragrapedia.com/products/solomon-eau-de-parfum
2026-07-21T08:44:29.215Z,New Arrival,fragrapedia.com,Laboratorio Olfattivo,Tantrico - Laboratorio Olfattivo,,185,,https://fragrapedia.com/products/tantrico-laboratorio-olfattivo
2026-07-21T08:44:29.215Z,New Arrival,fragrapedia.com,Laboratorio Olfattivo,Tuberosis - Laboratorio Olfattivo,,185,,https://fragrapedia.com/products/tuberosis-laboratorio-olfattivo
2026-07-21T08:44:29.215Z,New Arrival,fragrapedia.com,Laboratorio Olfattivo,Sacreste - Laboratorio Olfattivo,,165,,https://fragrapedia.com/products/sacreste-laboratorio-olfattivo
2026-07-21T08:44:29.215Z,New Arrival,fragrapedia.com,Laboratorio Olfattivo,Vanhera - Laboratorio Olfattivo,,165,,https://fragrapedia.com/products/vanhera-laboratorio-olfattivo
2026-07-21T08:44:29.215Z,New Arrival,fragrapedia.com,Laboratorio Olfattivo,Patchouliful - Laboratorio Olfattivo,,165,,https://fragrapedia.com/products/patchouliful-laboratorio-olfattivo
2026-07-21T08:44:29.215Z,New Arrival,fragrapedia.com,Laboratorio Olfattivo,Kashnoir - Laboratorio Olfattivo,,165,,https://fragrapedia.com/products/kashnoir-laboratorio-olfattivo
2026-07-21T08:44:29.215Z,New Arrival,fragrapedia.com,Laboratorio Olfattivo,Alambar - Laboratorio Olfattivo,,145,,https://fragrapedia.com/products/alambar-laboratorio-olfattivo
2026-07-21T08:44:29.215Z,New Arrival,fragrapedia.com,Maison Tahite,Arabican Rose Eau de Parfum - Maison Tahite,,145,,https://fragrapedia.com/products/arabican-rose-eau-de-parfum-maison-tahite
2026-07-21T08:44:29.215Z,New Arrival,fragrapedia.com,Amouage,Love Delight Eau de Parfum - Amouage,,335.75,,https://fragrapedia.com/products/love-delight-eau-de-parfum-amouage
2026-07-21T08:44:29.215Z,New Arrival,fragrapedia.com,Amouage,Opus XIV Royal Tobacco Eau de Parfum - Amouage,,335.75,,https://fragrapedia.com/products/opus-xiv-royal-tobacco-eau-de-parfum-amouage
2026-07-21T08:44:29.215Z,New Arrival,fragrapedia.com,Amouage,Jubilation XXV Man Eau de Parfum - Amouage,,335.75,,https://fragrapedia.com/products/jubilation-xxv-man-eau-de-parfum-amouage
2026-07-21T08:44:29.215Z,New Arrival,fragrapedia.com,Amouage,Purpose Eau de Parfum - Amouage,,335.75,,https://fragrapedia.com/products/purpose-eau-de-parfum-amouage
2026-07-21T08:44:29.215Z,New Arrival,fragrapedia.com,Amouage,Dia 40 Woman Eau de Parfum - Amouage,,467.75,,https://fragrapedia.com/products/dia-40-eau-de-parfum-amouage
2026-07-21T08:44:29.215Z,New Arrival,fragrapedia.com,Amouage,Epic Woman Eau de Parfum - Amouage,,335.75,,https://fragrapedia.com/products/epic-woman-eau-de-parfum-amouage
2026-07-21T08:44:29.215Z,New Arrival,fragrapedia.com,Amouage,Opus VII Reckless Leather Eau de Parfum - Amouage,,335.75,,https://fragrapedia.com/products/opus-vii-reckless-eau-de-parfum-amouage
2026-07-21T08:44:29.215Z,New Arrival,fragrapedia.com,Amouage,Interlude Man Eau de Parfum - Amouage,,335.75,,https://fragrapedia.com/products/interlude-man-eau-de-parfum-amouage
2026-07-21T08:44:29.215Z,New Arrival,fragrapedia.com,Amouage,Lineage Eau de Parfum - Amouage,,335.75,,https://fragrapedia.com/products/lineage-eau-de-parfum-amouage
2026-07-21T08:44:29.215Z,New Arrival,fragrapedia.com,Amouage,Honour Man Eau de Parfum - Amouage,,335.75,,https://fragrapedia.com/products/honour-man-eau-de-parfum-amouage
2026-07-21T08:44:29.215Z,New Arrival,fragrapedia.com,Amouage,Overtrue Man Eau de Parfum - Amouage,,335.75,,https://fragrapedia.com/products/overtrue-man-eau-de-parfum-amouage
2026-07-21T08:44:29.215Z,New Arrival,fragrapedia.com,Amouage,Honour Woman Eau de Parfum - Amouage,,335.75,,https://fragrapedia.com/products/honour-woman-eau-de-parfum-amouage
2026-07-21T08:44:29.215Z,New Arrival,fragrapedia.com,XERJOFF,Torino 24 Eau de Parfum - Xerjoff,,195.5,,https://fragrapedia.com/products/torino-24-eau-de-parfum-xerjoff
2026-07-21T08:44:29.215Z,New Arrival,fragrapedia.com,XERJOFF,Black Moonlight Eau de Parfum - Xerjoff,,298.35,,https://fragrapedia.com/products/black-moonlight-eau-de-parfum-xerjoff
2026-07-21T08:44:29.215Z,New Arrival,fragrapedia.com,XERJOFF,Louis XV Eau de Parfum - Xerjoff,,261.8,,https://fragrapedia.com/products/louis-xv-eau-de-parfum-xerjoff
2026-07-21T08:44:29.215Z,New Arrival,fragrapedia.com,XERJOFF,Apollonia Eau de Parfum - Xerjoff,,233.75,,https://fragrapedia.com/products/apollonia-eau-de-parfum-xerjoff
2026-07-21T08:44:29.215Z,New Arrival,fragrapedia.com,XERJOFF,Starlight Eau de Parfum - Xerjoff,,233.75,,https://fragrapedia.com/products/starlight-eau-de-parfum-xerjoff
2026-07-21T08:44:29.215Z,New Arrival,fragrapedia.com,XERJOFF,NeoRio Fluo Pink Eau de Parfum - Xerjoff,,298.35,,https://fragrapedia.com/products/neorio-fluo-pink-eau-de-parfum-xerjoff
2026-07-21T08:44:29.215Z,New Arrival,fragrapedia.com,XERJOFF,NeoRio Fluo Green Eau de Parfum - Xerjoff,,298.35,,https://fragrapedia.com/products/neorio-fluo-green-eau-de-parfum-xerjoff
2026-07-21T08:44:29.215Z,New Arrival,fragrapedia.com,XERJOFF,NeoRio Fluo Orange Eau de Parfum - Xerjoff,,298.35,,https://fragrapedia.com/products/neorio-fluo-orange-eau-de-parfum-xerjoff
2026-07-21T08:44:29.215Z,New Arrival,fragrapedia.com,XERJOFF,NeoRio Fluo Yellow Eau de Parfum - Xerjoff,,298.35,,https://fragrapedia.com/products/neorio-fluo-yellow-eau-de-parfum-xerjoff
2026-07-21T08:44:29.215Z,New Arrival,fragrapedia.com,XERJOFF,Cruz del Sur II Eau de Parfum - Xerjoff,,250.75,,https://fragrapedia.com/products/cruz-del-sur-ii-eau-de-parfum-xerjoff
2026-07-21T08:44:29.215Z,New Arrival,fragrapedia.com,XERJOFF,La Capitale Eau de Parfum - Xerjoff,,250.75,,https://fragrapedia.com/products/la-capitale-eau-de-parfum-xerjoff
2026-07-21T08:44:29.215Z,New Arrival,fragrapedia.com,XERJOFF,Tony Iommi Eau de Parfum - Xerjoff,,276.25,,https://fragrapedia.com/products/tony-iommi-eau-de-parfum-xerjoff
2026-07-21T08:44:29.215Z,New Arrival,fragrapedia.com,XERJOFF,Torino 21 Eau de Parfum - Xerjoff,,306,,https://fragrapedia.com/products/torino-21-eau-de-parfum-xerjoff
2026-07-21T08:44:29.215Z,New Arrival,fragrapedia.com,XERJOFF,Torino 22 Eau de Parfum - Xerjoff,,195.5,,https://fragrapedia.com/products/torino-22-eau-de-parfum-xerjoff
2026-07-21T08:44:29.215Z,New Arrival,fragrapedia.com,XERJOFF,Quattro Pizzi Eau de Parfum - Xerjoff,,280.5,,https://fragrapedia.com/products/quattro-pizzi-eau-de-parfum-xerjoff
2026-07-21T08:44:29.215Z,New Arrival,fragrapedia.com,XERJOFF,Accento Eau de Parfum - Xerjoff,,280.5,,https://fragrapedia.com/products/accento-eau-de-parfum-xerjoff-1
2026-07-21T08:44:29.215Z,New Arrival,fragrapedia.com,XERJOFF,Purple Accento Eau de Parfum - Xerjoff,,279.65,,https://fragrapedia.com/products/purple-accento-eau-de-parfum-xerjoff
2026-07-21T08:44:29.215Z,New Arrival,fragrapedia.com,XERJOFF,Bouquet Ideale Eau de Parfum - Xerjoff,,280.5,,https://fragrapedia.com/products/bouquet-ideale-eau-de-parfum-xerjoff
2026-07-21T08:44:29.215Z,New Arrival,fragrapedia.com,XERJOFF,Erba Gold Eau de Parfum - Xerjoff,,306,,https://fragrapedia.com/products/erba-gold-eau-de-parfum-xerjoff
2026-07-21T08:44:29.215Z,New Arrival,fragrapedia.com,XERJOFF,Italica Eau de Parfum - Xerjoff,,280.5,,https://fragrapedia.com/products/italica-eau-de-parfum-xerjoff
2026-07-21T08:44:29.215Z,New Arrival,fragrapedia.com,XERJOFF,Mefisto Eau de Parfum - Xerjoff,,280.5,,https://fragrapedia.com/products/mefisto-eau-de-parfum-xerjoff
2026-07-21T08:44:29.215Z,New Arrival,fragrapedia.com,XERJOFF,Lira Eau de Parfum - Xerjoff,,280.5,,https://fragrapedia.com/products/lira-eau-de-parfum-xerjoff
2026-07-21T08:44:29.215Z,New Arrival,fragrapedia.com,Indult,Isvaraya Eau de Parfum - Indult,,191.25,,https://fragrapedia.com/products/isvaraya-eau-de-parfum-indult
2026-07-21T08:44:29.215Z,New Arrival,fragrapedia.com,Indult,Cuir 404 Eau de Parfum - Indult,,191.25,,https://fragrapedia.com/products/cuir-404-eau-de-parfum-indult
2026-07-21T08:44:29.215Z,New Arrival,fragrapedia.com,Nishane,Shem Extrait de Parfum - Nishane,,497.25,,https://fragrapedia.com/products/shem-extrait-de-parfum-nishane
2026-07-21T08:44:29.215Z,New Arrival,fragrapedia.com,Nishane,Mana Extrait de Parfum - Nishane,,497.25,,https://fragrapedia.com/products/mana-extrait-de-parfum-nishane
2026-07-21T08:44:29.215Z,New Arrival,fragrapedia.com,Nishane,Tuberoza X Extrait de Parfum - Nishane,,307.7,,https://fragrapedia.com/products/tuberoza-x-extrait-de-parfum-nishane
2026-07-21T08:44:29.215Z,New Arrival,fragrapedia.com,Nishane,Hacivat X Extrait de Parfum - Nishane,,317.05,,https://fragrapedia.com/products/hacivat-x-extrait-de-parfum-nishane
2026-07-21T08:44:29.215Z,New Arrival,fragrapedia.com,Nishane,Fan Your Flames Extrait de Parfum - Nishane,,296.65,,https://fragrapedia.com/products/fan-your-flames-extrait-de-parfum-nishane
2026-07-21T08:44:29.215Z,New Arrival,fragrapedia.com,Nishane,Deziro Extrait de Parfum - Nishane,,306,,https://fragrapedia.com/products/deziro-extrait-de-parfum-nishane
2026-07-21T08:44:29.215Z,New Arrival,fragrapedia.com,Nishane,Favonius London Extrait de Parfum - Nishane,,335.7,,https://fragrapedia.com/products/favonius-extrait-de-parfum-nishane
2026-07-21T08:44:29.215Z,New Arrival,fragrapedia.com,Widian,Melogold Eau de Parfum - Widian,,168.3,,https://fragrapedia.com/products/melogold-eau-de-parfum-widian
2026-07-21T08:44:29.215Z,New Arrival,fragrapedia.com,Widian,Almond Eau de Parfum - Widian,,168.3,,https://fragrapedia.com/products/almond-eau-de-parfum-widian
2026-07-21T08:44:29.215Z,New Arrival,fragrapedia.com,Widian,Cotton Eau de Parfum - Widian,,168.3,,https://fragrapedia.com/products/cotton-eau-de-parfum-widian
2026-07-21T08:44:29.215Z,New Arrival,fragrapedia.com,Widian,White Eau de Parfum - Widian,,168.3,,https://fragrapedia.com/products/white-eau-de-parfum-widian
2026-07-21T08:44:29.215Z,New Arrival,fragrapedia.com,Widian,Samar Extrait de Parfum - Widian,,230.35,,https://fragrapedia.com/products/samar-extrait-de-parfum-widian
2026-07-21T08:44:29.215Z,New Arrival,fragrapedia.com,Widian,Granada Extrait de Parfum - Widian,,230.35,,https://fragrapedia.com/products/granada-extrait-de-parfum-widian
2026-07-21T08:44:29.215Z,New Arrival,fragrapedia.com,Widian,Liwa Eau de Parfum - Widian,,307.7,,https://fragrapedia.com/products/liwa-eau-de-parfum-widian
2026-07-21T08:44:29.215Z,New Arrival,fragrapedia.com,Thameen London,Sceptre Extrait de Parfum - Thameen London,,239.7,,https://fragrapedia.com/products/sceptre-extrait-de-parfum-thameen-london
2026-07-21T08:44:29.215Z,New Arrival,fragrapedia.com,Thameen London,Imperial Crown Extrait de Parfum - Thameen London,,239.7,,https://fragrapedia.com/products/imperial-crown-extrait-de-parfum-thameen-london
2026-07-21T08:44:29.215Z,New Arrival,fragrapedia.com,Thameen London,Carved Oud Extrait de Parfum - Thameen London,,289,,https://fragrapedia.com/products/carved-oud-extrait-de-parfum-thameen-london
2026-07-21T08:44:29.215Z,New Arrival,fragrapedia.com,Thameen London,Patiala Extrait de Parfum - Thameen London,,289,,https://fragrapedia.com/products/patiala-extrait-de-parfum-thameen-london
2026-07-21T08:44:29.215Z,New Arrival,fragrapedia.com,Thameen London,Peregrina Extrait de Parfum - Thameen London,,289,,https://fragrapedia.com/products/peregrina-extrait-de-parfum-thameen-london
2026-07-21T08:44:29.215Z,New Arrival,fragrapedia.com,Thameen London,Blue Heart Extrait de Parfum - Thameen London,,183.6,,https://fragrapedia.com/products/blue-heart-extrait-de-parfum-thameen-london
2026-07-21T08:44:29.215Z,New Arrival,fragrapedia.com,Thameen London,Bold As Love Eau de Cologne - Thameen London,,236.3,,https://fragrapedia.com/products/bold-as-love-eau-de-cologne-thameen-london
2026-07-21T08:44:29.215Z,New Arrival,fragrapedia.com,Nasomatto,Sado Naso Extrait de Parfum - Nasomatto,,163.8,,https://fragrapedia.com/products/sado-naso-extrait-de-parfum-nasomatto
2026-07-21T08:44:29.215Z,New Arrival,fragrapedia.com,Nasomatto,Silver Musk Extrait de Parfum - Nasomatto,,163.8,,https://fragrapedia.com/products/silver-musk-extrait-de-parfum-nasomatto
2026-07-21T08:44:29.215Z,New Arrival,fragrapedia.com,Nasomatto,Pardon Extrait de Parfum - Nasomatto,,163.8,,https://fragrapedia.com/products/pardon-extrait-de-parfum-nasomatto
2026-07-21T08:44:29.215Z,New Arrival,fragrapedia.com,Nasomatto,Duro Extrait de Parfum - Nasomatto,,163.8,,https://fragrapedia.com/products/duro-extrait-de-parfum-nasomatto
2026-07-21T08:44:29.215Z,New Arrival,fragrapedia.com,Nasomatto,Black Afgano Extrait de Parfum - Nasomatto,,163.8,,https://fragrapedia.com/products/black-afgano-extrait-de-parfum-nasomatto
2026-07-21T08:44:29.215Z,New Arrival,fragrapedia.com,Orto Parisi,Risvelium Eau de Parfum - Orto Parisi,,161.5,,https://fragrapedia.com/products/risvelium-eau-de-parfum-orto-parisi
2026-07-21T08:44:29.215Z,New Arrival,fragrapedia.com,Orto Parisi,Viridi Eau de Parfum - Orto Parisi,,161.5,,https://fragrapedia.com/products/viridi-eau-de-parfum-orto-parisi
2026-07-21T08:44:29.215Z,New Arrival,fragrapedia.com,Orto Parisi,Terroni Eau de Parfum - Orto Parisi,,161.5,,https://fragrapedia.com/products/terroni-eau-de-parfum-orto-parisi
2026-07-21T08:44:29.215Z,New Arrival,fragrapedia.com,Argentum,Ruler Eau de Parfum - Argentum,,148.75,,https://fragrapedia.com/products/ruler-eau-de-parfum-argentum
2026-07-21T08:44:29.215Z,New Arrival,fragrapedia.com,Argentum,Creator Eau de Parfum - Argentum,,148.75,,https://fragrapedia.com/products/creator-eau-de-parfum-argentum
2026-07-21T08:44:29.215Z,New Arrival,fragrapedia.com,Argentum,Lover Eau de Parfum - Argentum,,148.75,,https://fragrapedia.com/products/lover-eau-de-parfum-argentum
2026-07-21T08:44:29.215Z,New Arrival,fragrapedia.com,Argentum,Jester Eau de Parfum - Argentum,,148.75,,https://fragrapedia.com/products/jester-eau-de-parfum-argentum
2026-07-21T08:44:29.215Z,New Arrival,fragrapedia.com,Argentum,Explorer Eau de Parfum - Argentum,,148.75,,https://fragrapedia.com/products/explorer-eau-de-parfum-argentum
2026-07-21T08:44:29.215Z,New Arrival,fragrapedia.com,Argentum,Innocent Eau de Parfum - Argentum,,148.75,,https://fragrapedia.com/products/innocent-eau-de-parfum-argentum
2026-07-21T08:44:29.215Z,New Arrival,fragrapedia.com,Argentum,Hero Eau de Parfum - Argentum,,148.75,,https://fragrapedia.com/products/hero-eau-de-parfum-argentum
2026-07-21T08:44:29.215Z,New Arrival,fragrapedia.com,Argentum,Rebel Eau de Parfum - Argentum,,148.75,,https://fragrapedia.com/products/rebel-eau-de-parfum-argentum
2026-07-21T08:44:29.215Z,New Arrival,fragrapedia.com,Argentum,Sage Eau de Parfum - Argentum,,148.75,,https://fragrapedia.com/products/sage-eau-de-parfum-argentum
2026-07-21T08:44:29.215Z,New Arrival,fragrapedia.com,Stephane Humbert Lucas,Rose de Petra Eau de Parfum - Stephane Humbert Lucas,,157.25,,https://fragrapedia.com/products/rose-de-petra-eau-de-parfum-stephane-humbert-lucas
2026-07-21T08:44:29.215Z,New Arrival,fragrapedia.com,Stephane Humbert Lucas,Lady White Snake Eau de Parfum - Stephane Humbert Lucas,,195.5,,https://fragrapedia.com/products/lady-white-snake-eau-de-parfum-stephane-humbert-lucas
2026-07-21T08:44:29.215Z,New Arrival,fragrapedia.com,Stephane Humbert Lucas,Sea My Love Eau de Parfum - Stephane Humbert Lucas,,216.75,,https://fragrapedia.com/products/sea-my-love-eau-de-parfum-stephane-humbert-lucas
2026-07-21T08:44:29.215Z,New Arrival,fragrapedia.com,Stephane Humbert Lucas,Soleil de Jeddah Mango Kiss Eau de Parfum - Stephane Humbert Lucas,,246.5,,https://fragrapedia.com/products/soleil-de-jeddah-mango-kiss-eau-de-parfum-stephane-humbert-lucas
2026-07-21T08:44:29.215Z,New Arrival,fragrapedia.com,Stephane Humbert Lucas,Panthea Eau de Parfum - Stephane Humbert Lucas,,157.25,,https://fragrapedia.com/products/panthea-eau-de-parfum-stephane-humbert-lucas
2026-07-21T08:44:29.215Z,New Arrival,fragrapedia.com,Stephane Humbert Lucas,Wish Come True Eau de Parfum - Stephane Humbert Lucas,,191.25,,https://fragrapedia.com/products/wish-come-true-eau-de-parfum-stephane-humbert-lucas
2026-07-21T08:44:29.215Z,New Arrival,fragrapedia.com,Stephane Humbert Lucas,Venom Incarnat Eau de Parfum - Stephane Humbert Lucas,,246.5,,https://fragrapedia.com/products/venom-incarnat-eau-de-parfum-stephane-humbert-lucas
2026-07-21T08:44:29.215Z,New Arrival,fragrapedia.com,Stephane Humbert Lucas,Soleil de Jeddah L'Original Eau de Parfum - Stephane Humbert Lucas,,246.5,,https://fragrapedia.com/products/soleil-de-jeddah-loriginal-eau-de-parfum-stephane-humbert-lucas
2026-07-21T08:44:29.215Z,New Arrival,fragrapedia.com,Eight and Bob,Cap d'Antibes Eau de Parfum - Eight and Bob,,216.75,,https://fragrapedia.com/products/cap-dantibes-eau-de-parfum-eight-and-bob
2026-07-21T08:44:29.215Z,New Arrival,fragrapedia.com,Eight and Bob,Eight and Bob Eau de Parfum - Eight and Bob,,216.75,,https://fragrapedia.com/products/eight-and-bob-eau-de-parfum-eight-and-bob
2026-07-21T08:44:29.215Z,New Arrival,fragrapedia.com,Eight and Bob,Egypt Eau de Parfum - Eight and Bob,,216.75,,https://fragrapedia.com/products/egypt-eau-de-parfum-eight-and-bob
2026-07-21T08:44:29.215Z,New Arrival,fragrapedia.com,Eight and Bob,Annicke 6 Eau de Parfum - Eight and Bob,,216.75,,https://fragrapedia.com/products/annicke-6-eau-de-parfum-eight-and-bob
2026-07-21T08:44:29.215Z,New Arrival,fragrapedia.com,Eight and Bob,Annicke 4 Eau de Parfum - Eight and Bob,,216.75,,https://fragrapedia.com/products/annicke-4-eau-de-parfum-eight-and-bob
2026-07-21T08:44:29.215Z,New Arrival,fragrapedia.com,Eight and Bob,Annicke 3 Eau de Parfum - Eight and Bob,,216.75,,https://fragrapedia.com/products/annicke-3-eau-de-parfum-eight-and-bob
2026-07-21T08:44:29.215Z,New Arrival,fragrapedia.com,Eight and Bob,Annicke 2 Eau de Parfum - Eight and Bob,,216.75,,https://fragrapedia.com/products/annicke-2-eau-de-parfum-eight-and-bob
2026-07-21T08:44:29.215Z,New Arrival,fragrapedia.com,Laboratorio Olfattivo,Amberbomb Eau de Parfum - Laboratorio Olfattivo,,205,,https://fragrapedia.com/products/amberbomb-eau-de-parfum-laboratorio-olfattivo
2026-07-21T08:44:29.215Z,New Arrival,fragrapedia.com,Laboratorio Olfattivo,Nerosa Eau de Parfum - Laboratorio Olfattivo,,165,,https://fragrapedia.com/products/nerosa-eau-de-parfum-laboratorio-olfattivo
2026-07-21T08:44:29.215Z,New Arrival,fragrapedia.com,Laboratorio Olfattivo,NUN Eau de Parfum - Laboratorio Olfattivo,,145,,https://fragrapedia.com/products/nun-eau-de-parfum-laboratorio-olfattivo
2026-07-21T08:44:29.215Z,New Arrival,fragrapedia.com,Laboratorio Olfattivo,MISS U Eau de Parfum - Laboratorio Olfattivo,,145,,https://fragrapedia.com/products/miss-u-eau-de-parfum-laboratorio-olfattivo
2026-07-21T03:36:55.243Z,Restocked,theparfums.com,AMOUAGE,Elsewhere (Last Pre-Order),,453.99,,https://theparfums.com/products/elsewhere-pre-order
2026-07-21T03:36:55.243Z,Restocked,theparfums.com,EX NIHILO,Speed Legends Night Drive (pre-order),,421.99,,https://theparfums.com/products/speed-legends-night-drive
